<?xml version="1.0" encoding="UTF-8"?>
<!DOCTYPE mapper PUBLIC "-//mybatis.org//DTD Mapper 3.0//EN" "http://mybatis.org/dtd/mybatis-3-mapper.dtd">

<mapper namespace="bitc.fullstack503.boardapiserver.mapper.BoardMapper">
<!-- 파라미터가 없는 GET 방식 통신 (전체 검색) -->
    <select id="selectBoardList" resultType="bitc.fullstack503.boardapiserver.dto.BoardDTO">
        SELECT
            board_idx, title, create_id, create_date, update_date, hit_cnt
        FROM
            board
        WHERE
            deleted_yn = 'Y'
    </select>

<!-- 파라미터가 있는 GET 방식 통신 (선택 검색) -->
    <select id="selectBoardDetail" parameterType="int" resultType="bitc.fullstack503.boardapiserver.dto.BoardDTO">
        SELECT
            board_idx, title, contents, create_id, create_date, update_id, update_date, hit_cnt
        FROM
            board
        WHERE
            board_idx = #{boardIdx}
    </select>

<!-- 파라미터가 있는 POST 통신 방식 (추가)   -->
    <insert id="insertBoard" parameterType="bitc.fullstack503.boardapiserver.dto.BoardDTO">
        INSERT INTO board (title, contents, create_id, create_date)
            VALUE (#{title}, #{contents}, #{createId}, now());
    </insert>

    <update id="updateBoard" parameterType="bitc.fullstack503.boardapiserver.dto.BoardDTO">
        UPDATE board
        SET title = #{title}
        WHERE board_idx = #{boardIdx};
    </update>

    <delete id="deleteBoard" parameterType="bitc.fullstack503.boardapiserver.dto.BoardDTO">
        DELETE FROM board WHERE board_idx = #{boardIdx};
    </delete>
</mapper>